LocID,country,population
4,Afghanistan,38041757
903,Africa,1308064176
1823,African Group,1306320572
1560,African Union,1306903030
2080,African Union: Central Africa,154013705
2081,African Union: Eastern Africa,382531219
2082,African Union: Northern Africa,203493226
2083,African Union: Southern Africa,179956492
2084,African Union: Western Africa,386908388
1200,"African, Caribbean and Pacific (ACP) Group of States",1150190575
8,Albania,2880913
12,Algeria,43053054
16,American Samoa,55312
1533,Andean Community,111736664
20,Andorra,77146
24,Angola,31825299
660,Anguilla,14872
28,Antigua and Barbuda,97115
32,Argentina,44780675
51,Armenia,2957728
533,Aruba,106310
935,Asia,4601371266
1207,Asia-Pacific Economic Cooperation (APEC),2956245278
1824,Asia-Pacific Group,4582136259
1557,Association of Southeast Asian Nations (ASEAN),660718726
36,Australia,25203200
927,Australia/New Zealand,29986262
40,Austria,8955108
31,Azerbaijan,10047719
1525,BRIC,3157123227
1526,BRICS,3215681494
44,Bahamas,389486
48,Bahrain,1641164
50,Bangladesh,163046173
52,Barbados,287020
112,Belarus,9452409
56,Belgium,11539326
84,Belize,390351
2067,Belt-Road Initiative (BRI),3353564722
2068,Belt-Road Initiative: Africa,1164118622
2069,Belt-Road Initiative: Asia,1552928523
2070,Belt-Road Initiative: Europe,414572416
2071,Belt-Road Initiative: Latin America and the Caribbean,206761581
2072,Belt-Road Initiative: Pacific,15183580
204,Benin,11801151
60,Bermuda,62508
64,Bhutan,763093
1527,Black Sea Economic Cooperation (BSEC),342832245
1569,Bolivarian Alliance for the Americas (ALBA),58535065
68,Bolivia (Plurinational State of),11513101
535,"Bonaire, Sint Eustatius and Saba",25983
70,Bosnia and Herzegovina,3300998
72,Botswana,2303703
76,Brazil,211049518
92,British Virgin Islands,30033
96,Brunei Darussalam,433296
100,Bulgaria,7000116
854,Burkina Faso,20321383
108,Burundi,11530577
132,Cabo Verde,549936
116,Cambodia,16486542
120,Cameroon,25876387
124,Canada,37411038
915,Caribbean,43335005
1530,Caribbean Community and Common Market (CARICOM),18669459
136,Cayman Islands,64948
140,Central African Republic,4745179
916,Central America,177586525
5500,Central Asia,73212110
1545,Central European Free Trade Agreement (CEFTA),25839142
921,Central and Southern Asia,1991423507
148,Chad,15946882
830,Channel Islands,172264
152,Chile,18952035
156,China,1433783691
1105,China (and dependencies),1465634176
344,"China, Hong Kong SAR",7436156
446,"China, Macao SAR",640446
158,"China, Taiwan Province of China",23773881
170,Colombia,50339443
1566,Commonwealth of Independent States (CIS),289579128
2074,Commonwealth of Nations,2529752075
2075,Commonwealth: Africa,569747835
2076,Commonwealth: Asia,1805540408
2077,Commonwealth: Caribbean and Americas,44231064
2078,Commonwealth: Europe,69169112
2079,Commonwealth: Pacific,41063656
174,Comoros,850891
178,Congo,5380504
184,Cook Islands,17547
188,Costa Rica,5047561
1638,Countries with Access to the Sea,7130128743
2094,Countries with Access to the Sea: Africa,975801688
2095,Countries with Access to the Sea: Asia,4437345520
2096,Countries with Access to the Sea: Europe,678689328
2097,Countries with Access to the Sea: Latin America and the Caribbean,629563215
2098,Countries with Access to the Sea: Northern America,366600943
2099,Countries with Access to the Sea: Oceania,42128047
191,Croatia,4130299
192,Cuba,11333483
531,Curaçao,163423
196,Cyprus,1198573
203,Czechia,10689213
384,Côte d'Ivoire,25716554
408,Dem. People's Republic of Korea,25666158
180,Democratic Republic of the Congo,86790568
208,Denmark,5771876
1106,Denmark (and dependencies),5877214
262,Djibouti,973557
212,Dominica,71808
214,Dominican Republic,10738957
1737,ECE: North America-2,366475955
1736,ECE: UNECE-52,1296492596
1744,ECLAC: Latin America,636072786
1746,ECLAC: The Caribbean,12044798
1071,ESCAP region: East and North-East Asia,1648837239
1074,ESCAP region: North and Central Asia,236086580
1075,ESCAP region: Pacific,42115282
1073,ESCAP region: South and South-West Asia,2001641003
1072,ESCAP region: South-East Asia,662011846
2061,ESCAP: ADB Developing member countries (DMCs),4029580432
2058,ESCAP: ADB Group A (Concessional assistance only),162966739
2059,ESCAP: ADB Group B (OCR blend),1792323366
2060,ESCAP: ADB Group C (Regular OCR only),2074290326
1054,ESCAP: ASEAN,660718726
1057,ESCAP: Central Asia,90214320
1055,ESCAP: ECO,504210404
2049,ESCAP: HDI groups,4590691950
1060,ESCAP: Landlocked countries (LLDCs),164025745
1059,ESCAP: Least Developed Countries (LDCs),310553245
1058,ESCAP: Pacific island dev. econ.,12129020
1056,ESCAP: SAARC,1835297503
2048,ESCAP: WB High income econ.,223183438
2045,ESCAP: WB Low income econ.,92316630
2046,ESCAP: WB Lower middle income econ.,2387495225
2047,ESCAP: WB Upper middle income econ.,1887677496
2044,ESCAP: WB income groups,4590672789
2053,ESCAP: high HDI,222610631
1064,ESCAP: high income,222836176
2054,ESCAP: income groups,4590691950
2050,ESCAP: low HDI,1911735616
1062,ESCAP: low income,2073030029
2051,ESCAP: lower middle HDI,2057885279
2055,ESCAP: lower middle income,580268276
1065,ESCAP: other Asia-Pacific countries/areas,197481050
2052,ESCAP: upper middle HDI,398460422
2056,ESCAP: upper middle income,1714557469
2062,ESCWA: Arab countries,428166388
2066,ESCWA: Arab least developed countries,93768211
2065,ESCWA: Gulf Cooperation Council countries,57694359
2063,ESCWA: Maghreb countries,97996994
2064,ESCWA: Mashreq countries,178706825
1765,ESCWA: member countries,367845981
1563,East African Community (EAC),190068643
910,Eastern Africa,433904943
906,Eastern Asia,1672611120
923,Eastern Europe,293444921
1825,Eastern European Group,340313687
1832,Eastern and South-Eastern Asia,2334622966
1538,Economic Community of Central African States (ECCAS),198465941
1540,Economic Community of West African States (ECOWAS),386908388
1547,Economic Cooperation Organization (ECO),504210404
218,Ecuador,17373657
818,Egypt,100388076
222,El Salvador,6453550
226,Equatorial Guinea,1355982
232,Eritrea,3497117
233,Estonia,1325649
748,Eswatini,1148133
231,Ethiopia,112078727
1546,Eurasian Economic Community (Eurasec),222594686
917,Europe,747182815
908,Europe,747182815
1506,Europe (48),747182815
1829,Europe and Northern America,1113783759
1550,European Community (EC: 12),384069996
1544,European Free Trade Agreement (EFTA),14347277
1549,European Union (EU: 15),408593654
986,European Union (EU: 28),512516929
238,Falkland Islands (Malvinas),3372
234,Faroe Islands,48677
242,Fiji,889955
246,Finland,5532159
250,France,65129731
1107,France (and dependencies),67978398
254,French Guiana,290823
258,French Polynesia,279285
266,Gabon,2172578
270,Gambia,2347696
268,Georgia,3996762
276,Germany,83517046
288,Ghana,30417857
292,Gibraltar,33705
1536,Greater Arab Free Trade Area (GAFTA),406373337
300,Greece,10473452
304,Greenland,56660
308,Grenada,112002
1556,Group of 77 (G77),6060094962
1523,Group of Eight (G8),915935544
1522,Group of Seven (G7),770063284
1524,Group of Twenty (G20) - member states,4622853206
312,Guadeloupe,400048
316,Guam,167295
320,Guatemala,17581476
324,Guinea,12771246
624,Guinea-Bissau,1920917
1561,Gulf Cooperation Council (GCC),57694359
328,Guyana,782775
332,Haiti,11263079
1503,High-income countries,1258043484
336,Holy See,815
340,Honduras,9746115
348,Hungary,9684680
352,Iceland,339037
356,India,1366417756
360,Indonesia,270625567
364,Iran (Islamic Republic of),82913893
368,Iraq,39309789
372,Ireland,4882498
833,Isle of Man,84589
376,Israel,8519373
380,Italy,60550092
388,Jamaica,2948277
392,Japan,126860299
400,Jordan,10101697
398,Kazakhstan,18551428
404,Kenya,52573967
296,Kiribati,117607
414,Kuwait,4207077
417,Kyrgyzstan,6415851
2087,LLDC: Africa,332262488
2088,LLDC: Asia,164025745
2089,LLDC: Europe,6126715
2090,LLDC: Latin America,18557741
1607,Land-locked Countries,583340277
1674,Land-locked Countries (Others),62367585
1636,Land-locked Developing Countries (LLDC),520972691
418,Lao People's Democratic Republic,7169456
904,Latin America and the Caribbean,648120956
1830,Latin America and the Caribbean,648120956
1532,Latin American Integration Association (ALADI),568696545
1826,Latin American and Caribbean Group (GRULAC),643474175
428,Latvia,1906740
1559,"League of Arab States (LAS, informal name: Arab League)",428166388
941,Least developed countries,1033388868
1475,Least developed: Africa,682410622
1476,Least developed: Asia,338616201
1477,Least developed: Latin America and the Caribbean,11263079
1478,Least developed: Oceania,1098966
422,Lebanon,6855709
426,Lesotho,2125267
902,Less developed regions,6442837885
948,"Less developed regions, excluding China",4977203709
934,"Less developed regions, excluding least developed countries",5409449017
1479,Less developed: Africa,1308064176
1480,Less developed: Asia,4474510967
1481,Less developed: Latin America and the Caribbean,648120956
1482,Less developed: Oceania,12141786
430,Liberia,4937374
434,Libya,6777453
438,Liechtenstein,38020
440,Lithuania,2759631
1500,Low-income countries,755849740
1501,Lower-middle-income countries,3057708883
442,Luxembourg,615730
450,Madagascar,26969306
454,Malawi,18628749
458,Malaysia,31949789
462,Maldives,530957
466,Mali,19658023
470,Malta,440376
584,Marshall Islands,58791
474,Martinique,375556
478,Mauritania,4525698
480,Mauritius,1269670
175,Mayotte,266153
928,Melanesia,10918534
484,Mexico,127575529
954,Micronesia,543483
583,Micronesia (Fed. States of),113811
911,Middle Africa,174308427
1517,Middle-income countries,5696667313
492,Monaco,38967
496,Mongolia,3225165
499,Montenegro,627988
500,Montserrat,4991
901,More developed regions,1270630320
1483,More developed: Asia,126860299
1484,More developed: Europe,747182815
1485,More developed: Northern America,366600943
1486,More developed: Oceania,29986262
504,Morocco,36471766
508,Mozambique,30366042
104,Myanmar,54045422
516,Namibia,2494524
520,Nauru,10764
524,Nepal,28608715
528,Netherlands,17097123
1108,Netherlands (and dependencies),17435228
540,New Caledonia,282757
1552,New EU member states (joined since 2004),103923275
554,New Zealand,4783062
1109,New Zealand (and dependencies),4803553
558,Nicaragua,6545503
562,Niger,23310718
566,Nigeria,200963603
570,Niue,1614
1518,No income group available,2907665
1615,Non-Self-Governing Territories,1731701
1520,North American Free Trade Agreement (NAFTA),494051484
1555,North Atlantic Treaty Organization (NATO),940604181
807,North Macedonia,2083458
912,Northern Africa,241780765
1833,Northern Africa and Western Asia,517105557
918,Northern America,366600943
905,Northern America,366600943
924,Northern Europe,105768531
580,Northern Mariana Islands,57213
578,Norway,5378859
909,Oceania,42128047
1835,Oceania (excluding Australia and New Zealand),12141786
512,Oman,4974992
1505,Organisation for Economic Co-operation and Development (OECD),1307716642
2086,Organization for Security and Co-operation in Europe (OSCE),1291387201
2085,Organization of American States (OAS),1009950130
1521,Organization of Petroleum Exporting countries (OPEC),507887773
1570,Organization of the Islamic Conference (OIC),1872842323
586,Pakistan,216565316
585,Palau,18000
591,Panama,4246440
598,Papua New Guinea,8776119
600,Paraguay,7044639
604,Peru,32510462
608,Philippines,108116621
616,Poland,37887771
957,Polynesia,679768
620,Portugal,10226178
630,Puerto Rico,2933404
634,Qatar,2832071
410,Republic of Korea,51225321
498,Republic of Moldova,4043258
642,Romania,19364558
643,Russian Federation,145872260
646,Rwanda,12626938
638,Réunion,888932
2093,"SIDS Atlantic, and Indian Ocean, Mediterranean and South China Sea (AIMS)",15990784
2091,SIDS Caribbean,43309023
2092,SIDS Pacific,12129020
652,Saint Barthélemy,9853
654,Saint Helena,6061
659,Saint Kitts and Nevis,52833
662,Saint Lucia,182795
663,Saint Martin (French part),38001
666,Saint Pierre and Miquelon,5821
670,Saint Vincent and the Grenadines,110592
882,Samoa,197093
674,San Marino,33864
678,Sao Tome and Principe,215048
682,Saudi Arabia,34268529
686,Senegal,16296362
688,Serbia,8772228
690,Seychelles,97741
2073,Shanghai Cooperation Organization (SCO),3229909042
694,Sierra Leone,7813206
702,Singapore,5804343
534,Sint Maarten (Dutch part),42388
703,Slovakia,5457012
705,Slovenia,2078654
1637,Small Island Developing States (SIDS),71428827
90,Solomon Islands,669821
706,Somalia,15442906
710,South Africa,58558267
931,South America,427199425
1321,South Asian Association for Regional Cooperation (SAARC),1835297503
728,South Sudan,11062114
920,South-Eastern Asia,662011846
913,Southern Africa,66629894
1564,Southern African Development Community (SADC),353940128
5501,Southern Asia,1918211396
1534,Southern Common Market (MERCOSUR),306365495
925,Southern Europe,152446950
724,Spain,46736782
144,Sri Lanka,21323734
275,State of Palestine,4981422
947,Sub-Saharan Africa,1066283410
729,Sudan,42813237
740,Suriname,581363
752,Sweden,10036391
756,Switzerland,8591360
760,Syrian Arab Republic,17070131
762,Tajikistan,9321023
764,Thailand,69625580
626,Timor-Leste,1293120
768,Togo,8082359
772,Tokelau,1330
776,Tonga,104497
780,Trinidad and Tobago,1394969
788,Tunisia,11694721
792,Turkey,83429607
795,Turkmenistan,5942094
796,Turks and Caicos Islands,38194
798,Tuvalu,11655
1735,UN-ECE: member countries,1296680592
1819,UNFPA Regions,6358800278
1611,UNFPA: Arab States (AS),370070432
1610,UNFPA: Asia and the Pacific (AP),4047949107
1703,UNFPA: East and Southern Africa (ESA),601481415
1612,UNFPA: Eastern Europe and Central Asia (EECA),248170833
1613,UNFPA: Latin America and the Caribbean (LAC),644001843
1704,UNFPA: West and Central Africa (WCA),447126646
1818,UNICEF PROGRAMME REGIONS,6440543873
1586,UNICEF Programme Regions: East Asia and Pacific (EAPRO),2129737711
2042,UNICEF Programme Regions: Eastern Caribbean,2397227
1587,UNICEF Programme Regions: Eastern and Southern Africa (ESARO),528864083
1585,UNICEF Programme Regions: Europe and Central Asia (CEECIS),279293796
2041,UNICEF Programme Regions: Latin America,640775552
1589,UNICEF Programme Regions: Latin America and Caribbean (LACRO),643172779
1590,UNICEF Programme Regions: Middle East and North Africa (MENARO),490260787
1591,UNICEF Programme Regions: South Asia (ROSA),1835297503
1592,UNICEF Programme Regions: West and Central Africa (WCARO),533917214
2035,UNICEF REGIONS,7713468205
2036,UNICEF Regions: East Asia and Pacific,2376751014
2034,UNICEF Regions: Eastern Europe and Central Asia,425166056
2039,UNICEF Regions: Eastern and Southern Africa,575173373
2029,UNICEF Regions: Europe and Central Asia,922025316
2031,UNICEF Regions: Latin America and Caribbean,648120956
2037,UNICEF Regions: Middle East and North Africa,455575823
2032,UNICEF Regions: North America,366600943
2038,UNICEF Regions: South Asia,1835297503
2033,UNICEF Regions: Sub-Saharan Africa,1109096648
2040,UNICEF Regions: West and Central Africa,533923275
2030,UNICEF Regions: Western Europe,496859260
1822,UNITED NATIONS Regional Groups of Member States,7707903418
800,Uganda,44269587
804,Ukraine,43993643
784,United Arab Emirates,9770526
826,United Kingdom,67530161
1110,United Kingdom (and dependencies),68045699
1730,United Nations Economic Commission for Africa (UN-ECA),1306320572
1745,United Nations Economic Commission for Latin America and the Caribbean (UN-ECLAC),648117584
1760,United Nations Economic and Social Commission for Asia and the Pacific (UN-ESCAP) Regions,4590691950
1599,United Nations Member States,7707903510
834,United Republic of Tanzania,58005460
850,United States Virgin Islands,104579
840,United States,329064917
1111,United States of America (and dependencies),332382720
1502,Upper-middle-income countries,2638958430
858,Uruguay,3461731
860,Uzbekistan,32981714
548,Vanuatu,299882
862,Venezuela (Bolivarian Republic of),28515828
704,Viet Nam,96462108
1509,WB region: East Asia and Pacific (excluding high income),2129754531
1510,WB region: Europe and Central Asia (excluding high income),421035757
1511,WB region: Latin America and Caribbean (excluding high income),569811869
1512,WB region: Middle East and North Africa (excluding high income),389753191
1513,WB region: South Asia (excluding high income),1835297503
1508,WB region: Sub-Saharan Africa (excluding high income),1106864204
1820,WHO Regions,7668888226
1593,WHO: African region (AFRO),1091758856
1596,WHO: Americas (AMRO),1009950130
1595,WHO: Eastern Mediterranean Region (EMRO),712276291
1594,WHO: European Region (EURO),930166618
1597,WHO: South-East Asia region (SEARO),2001946276
1598,WHO: Western Pacific region (WPRO),1922790054
876,Wallis and Futuna Islands,11436
1543,West African Economic and Monetary Union (UEMOA),127107468
914,Western Africa,391440147
922,Western Asia,275324793
926,Western Europe,195522411
1827,Western European and Others Group (WEOG),919088423
732,Western Sahara,582458
900,World,7713468205
1801,World Bank Regional Groups (developing only),6452517055
887,Yemen,29161922
894,Zambia,17861034
716,Zimbabwe,14645473
